44532221;Hans;Tester;München;80809;Schleißheimer Str.;215;33002357;24.12.73;267;Die deutsche Wirtschaft ist im vergangenen Jahr um 3,6 Prozent gewachsen. Dies teilte das Statistische Bundesamt in Wiesbaden nach ersten Berechnungen mit. Das Wachstum war damit so groß wie noch nie seit der Wiedervereinigung Deutschlands. Im Krisenjahr 2009 war das Bruttoinlandsprodukt (BIP) um 4,7 Prozent abgestürzt. Dies war der stärkste Rückgang seit dem Zweiten Weltkrieg. Im bisher besten Jahr im vereinten Deutschland war die Wirtschaft im Boomjahr 2006 um 3,4 Prozent gewachsen.
44532222;Hans;Tester;München;80810;Schleißheimer Str.;216;33002358;25.12.73;602;Die deutsche Wirtschaft ist im vergangenen Jahr um 3,6 Prozent gewachsen. Dies teilte das Statistische Bundesamt in Wiesbaden nach ersten Berechnungen mit. Das Wachstum war damit so groß wie noch nie seit der Wiedervereinigung Deutschlands. Im Krisenjahr 2009 war das Bruttoinlandsprodukt (BIP) um 4,7 Prozent abgestürzt. Dies war der stärkste Rückgang seit dem Zweiten Weltkrieg. Im bisher besten Jahr im vereinten Deutschland war die Wirtschaft im Boomjahr 2006 um 3,4 Prozent gewachsen.
44532223;Hans;Tester;München;80811;Schleißheimer Str.;217;33002359;26.12.73;603;Die deutsche Wirtschaft ist im vergangenen Jahr um 3,6 Prozent gewachsen. Dies teilte das Statistische Bundesamt in Wiesbaden nach ersten Berechnungen mit. Das Wachstum war damit so groß wie noch nie seit der Wiedervereinigung Deutschlands. Im Krisenjahr 2009 war das Bruttoinlandsprodukt (BIP) um 4,7 Prozent abgestürzt. Dies war der stärkste Rückgang seit dem Zweiten Weltkrieg. Im bisher besten Jahr im vereinten Deutschland war die Wirtschaft im Boomjahr 2006 um 3,4 Prozent gewachsen.
44532224;Hans;Tester;München;80812;Schleißheimer Str.;218;33002360;27.12.73;282;Die deutsche Wirtschaft ist im vergangenen Jahr um 3,6 Prozent gewachsen. Dies teilte das Statistische Bundesamt in Wiesbaden nach ersten Berechnungen mit. Das Wachstum war damit so groß wie noch nie seit der Wiedervereinigung Deutschlands. Im Krisenjahr 2009 war das Bruttoinlandsprodukt (BIP) um 4,7 Prozent abgestürzt. Dies war der stärkste Rückgang seit dem Zweiten Weltkrieg. Im bisher besten Jahr im vereinten Deutschland war die Wirtschaft im Boomjahr 2006 um 3,4 Prozent gewachsen.
44532225;Hans;Tester;München;80813;Schleißheimer Str.;219;33002361;28.12.73;483;Die deutsche Wirtschaft ist im vergangenen Jahr um 3,6 Prozent gewachsen. Dies teilte das Statistische Bundesamt in Wiesbaden nach ersten Berechnungen mit. Das Wachstum war damit so groß wie noch nie seit der Wiedervereinigung Deutschlands. Im Krisenjahr 2009 war das Bruttoinlandsprodukt (BIP) um 4,7 Prozent abgestürzt. Dies war der stärkste Rückgang seit dem Zweiten Weltkrieg. Im bisher besten Jahr im vereinten Deutschland war die Wirtschaft im Boomjahr 2006 um 3,4 Prozent gewachsen.
44532226;Hans;Tester;München;80814;Schleißheimer Str.;220;33002362;29.12.73;872;Die deutsche Wirtschaft ist im vergangenen Jahr um 3,6 Prozent gewachsen. Dies teilte das Statistische Bundesamt in Wiesbaden nach ersten Berechnungen mit. Das Wachstum war damit so groß wie noch nie seit der Wiedervereinigung Deutschlands. Im Krisenjahr 2009 war das Bruttoinlandsprodukt (BIP) um 4,7 Prozent abgestürzt. Dies war der stärkste Rückgang seit dem Zweiten Weltkrieg. Im bisher besten Jahr im vereinten Deutschland war die Wirtschaft im Boomjahr 2006 um 3,4 Prozent gewachsen.
44532227;Hans;Tester;München;80815;Schleißheimer Str.;221;33002363;30.12.73;383;Die deutsche Wirtschaft ist im vergangenen Jahr um 3,6 Prozent gewachsen. Dies teilte das Statistische Bundesamt in Wiesbaden nach ersten Berechnungen mit. Das Wachstum war damit so groß wie noch nie seit der Wiedervereinigung Deutschlands. Im Krisenjahr 2009 war das Bruttoinlandsprodukt (BIP) um 4,7 Prozent abgestürzt. Dies war der stärkste Rückgang seit dem Zweiten Weltkrieg. Im bisher besten Jahr im vereinten Deutschland war die Wirtschaft im Boomjahr 2006 um 3,4 Prozent gewachsen.
44532228;Hans;Tester;München;80816;Schleißheimer Str.;222;33002364;31.12.73;139;Die deutsche Wirtschaft ist im vergangenen Jahr um 3,6 Prozent gewachsen. Dies teilte das Statistische Bundesamt in Wiesbaden nach ersten Berechnungen mit. Das Wachstum war damit so groß wie noch nie seit der Wiedervereinigung Deutschlands. Im Krisenjahr 2009 war das Bruttoinlandsprodukt (BIP) um 4,7 Prozent abgestürzt. Dies war der stärkste Rückgang seit dem Zweiten Weltkrieg. Im bisher besten Jahr im vereinten Deutschland war die Wirtschaft im Boomjahr 2006 um 3,4 Prozent gewachsen.
44532229;Hans;Tester;München;80817;Schleißheimer Str.;223;33002365;01.01.74;695;Die deutsche Wirtschaft ist im vergangenen Jahr um 3,6 Prozent gewachsen. Dies teilte das Statistische Bundesamt in Wiesbaden nach ersten Berechnungen mit. Das Wachstum war damit so groß wie noch nie seit der Wiedervereinigung Deutschlands. Im Krisenjahr 2009 war das Bruttoinlandsprodukt (BIP) um 4,7 Prozent abgestürzt. Dies war der stärkste Rückgang seit dem Zweiten Weltkrieg. Im bisher besten Jahr im vereinten Deutschland war die Wirtschaft im Boomjahr 2006 um 3,4 Prozent gewachsen.
44532230;Hans;Tester;München;80818;Schleißheimer Str.;224;33002366;02.01.74;58;Die deutsche Wirtschaft ist im vergangenen Jahr um 3,6 Prozent gewachsen. Dies teilte das Statistische Bundesamt in Wiesbaden nach ersten Berechnungen mit. Das Wachstum war damit so groß wie noch nie seit der Wiedervereinigung Deutschlands. Im Krisenjahr 2009 war das Bruttoinlandsprodukt (BIP) um 4,7 Prozent abgestürzt. Dies war der stärkste Rückgang seit dem Zweiten Weltkrieg. Im bisher besten Jahr im vereinten Deutschland war die Wirtschaft im Boomjahr 2006 um 3,4 Prozent gewachsen.
44532231;Hans;Tester;München;80819;Schleißheimer Str.;225;33002367;03.01.74;823;Die deutsche Wirtschaft ist im vergangenen Jahr um 3,6 Prozent gewachsen. Dies teilte das Statistische Bundesamt in Wiesbaden nach ersten Berechnungen mit. Das Wachstum war damit so groß wie noch nie seit der Wiedervereinigung Deutschlands. Im Krisenjahr 2009 war das Bruttoinlandsprodukt (BIP) um 4,7 Prozent abgestürzt. Dies war der stärkste Rückgang seit dem Zweiten Weltkrieg. Im bisher besten Jahr im vereinten Deutschland war die Wirtschaft im Boomjahr 2006 um 3,4 Prozent gewachsen.
44532232;Hans;Tester;München;80820;Schleißheimer Str.;226;33002368;04.01.74;38;Die deutsche Wirtschaft ist im vergangenen Jahr um 3,6 Prozent gewachsen. Dies teilte das Statistische Bundesamt in Wiesbaden nach ersten Berechnungen mit. Das Wachstum war damit so groß wie noch nie seit der Wiedervereinigung Deutschlands. Im Krisenjahr 2009 war das Bruttoinlandsprodukt (BIP) um 4,7 Prozent abgestürzt. Dies war der stärkste Rückgang seit dem Zweiten Weltkrieg. Im bisher besten Jahr im vereinten Deutschland war die Wirtschaft im Boomjahr 2006 um 3,4 Prozent gewachsen.
44532233;Hans;Tester;München;80821;Schleißheimer Str.;227;33002369;05.01.74;88;Die deutsche Wirtschaft ist im vergangenen Jahr um 3,6 Prozent gewachsen. Dies teilte das Statistische Bundesamt in Wiesbaden nach ersten Berechnungen mit. Das Wachstum war damit so groß wie noch nie seit der Wiedervereinigung Deutschlands. Im Krisenjahr 2009 war das Bruttoinlandsprodukt (BIP) um 4,7 Prozent abgestürzt. Dies war der stärkste Rückgang seit dem Zweiten Weltkrieg. Im bisher besten Jahr im vereinten Deutschland war die Wirtschaft im Boomjahr 2006 um 3,4 Prozent gewachsen.
44532234;Hans;Tester;München;80822;Schleißheimer Str.;228;33002370;06.01.74;506;Die deutsche Wirtschaft ist im vergangenen Jahr um 3,6 Prozent gewachsen. Dies teilte das Statistische Bundesamt in Wiesbaden nach ersten Berechnungen mit. Das Wachstum war damit so groß wie noch nie seit der Wiedervereinigung Deutschlands. Im Krisenjahr 2009 war das Bruttoinlandsprodukt (BIP) um 4,7 Prozent abgestürzt. Dies war der stärkste Rückgang seit dem Zweiten Weltkrieg. Im bisher besten Jahr im vereinten Deutschland war die Wirtschaft im Boomjahr 2006 um 3,4 Prozent gewachsen.
44532235;Hans;Tester;München;80823;Schleißheimer Str.;229;33002371;07.01.74;899;Die deutsche Wirtschaft ist im vergangenen Jahr um 3,6 Prozent gewachsen. Dies teilte das Statistische Bundesamt in Wiesbaden nach ersten Berechnungen mit. Das Wachstum war damit so groß wie noch nie seit der Wiedervereinigung Deutschlands. Im Krisenjahr 2009 war das Bruttoinlandsprodukt (BIP) um 4,7 Prozent abgestürzt. Dies war der stärkste Rückgang seit dem Zweiten Weltkrieg. Im bisher besten Jahr im vereinten Deutschland war die Wirtschaft im Boomjahr 2006 um 3,4 Prozent gewachsen.
44532236;Hans;Tester;München;80824;Schleißheimer Str.;230;33002372;08.01.74;90;Die deutsche Wirtschaft ist im vergangenen Jahr um 3,6 Prozent gewachsen. Dies teilte das Statistische Bundesamt in Wiesbaden nach ersten Berechnungen mit. Das Wachstum war damit so groß wie noch nie seit der Wiedervereinigung Deutschlands. Im Krisenjahr 2009 war das Bruttoinlandsprodukt (BIP) um 4,7 Prozent abgestürzt. Dies war der stärkste Rückgang seit dem Zweiten Weltkrieg. Im bisher besten Jahr im vereinten Deutschland war die Wirtschaft im Boomjahr 2006 um 3,4 Prozent gewachsen.
44532237;Hans;Tester;München;80825;Schleißheimer Str.;231;33002373;09.01.74;498;Die deutsche Wirtschaft ist im vergangenen Jahr um 3,6 Prozent gewachsen. Dies teilte das Statistische Bundesamt in Wiesbaden nach ersten Berechnungen mit. Das Wachstum war damit so groß wie noch nie seit der Wiedervereinigung Deutschlands. Im Krisenjahr 2009 war das Bruttoinlandsprodukt (BIP) um 4,7 Prozent abgestürzt. Dies war der stärkste Rückgang seit dem Zweiten Weltkrieg. Im bisher besten Jahr im vereinten Deutschland war die Wirtschaft im Boomjahr 2006 um 3,4 Prozent gewachsen.
44532238;Hans;Tester;München;80826;Schleißheimer Str.;232;33002374;10.01.74;756;Die deutsche Wirtschaft ist im vergangenen Jahr um 3,6 Prozent gewachsen. Dies teilte das Statistische Bundesamt in Wiesbaden nach ersten Berechnungen mit. Das Wachstum war damit so groß wie noch nie seit der Wiedervereinigung Deutschlands. Im Krisenjahr 2009 war das Bruttoinlandsprodukt (BIP) um 4,7 Prozent abgestürzt. Dies war der stärkste Rückgang seit dem Zweiten Weltkrieg. Im bisher besten Jahr im vereinten Deutschland war die Wirtschaft im Boomjahr 2006 um 3,4 Prozent gewachsen.
44532239;Hans;Tester;München;80827;Schleißheimer Str.;233;33002375;11.01.74;686;Die deutsche Wirtschaft ist im vergangenen Jahr um 3,6 Prozent gewachsen. Dies teilte das Statistische Bundesamt in Wiesbaden nach ersten Berechnungen mit. Das Wachstum war damit so groß wie noch nie seit der Wiedervereinigung Deutschlands. Im Krisenjahr 2009 war das Bruttoinlandsprodukt (BIP) um 4,7 Prozent abgestürzt. Dies war der stärkste Rückgang seit dem Zweiten Weltkrieg. Im bisher besten Jahr im vereinten Deutschland war die Wirtschaft im Boomjahr 2006 um 3,4 Prozent gewachsen.
44532240;Hans;Tester;München;80828;Schleißheimer Str.;234;33002376;12.01.74;702;Die deutsche Wirtschaft ist im vergangenen Jahr um 3,6 Prozent gewachsen. Dies teilte das Statistische Bundesamt in Wiesbaden nach ersten Berechnungen mit. Das Wachstum war damit so groß wie noch nie seit der Wiedervereinigung Deutschlands. Im Krisenjahr 2009 war das Bruttoinlandsprodukt (BIP) um 4,7 Prozent abgestürzt. Dies war der stärkste Rückgang seit dem Zweiten Weltkrieg. Im bisher besten Jahr im vereinten Deutschland war die Wirtschaft im Boomjahr 2006 um 3,4 Prozent gewachsen.
44532241;Hans;Tester;München;80829;Schleißheimer Str.;235;33002377;13.01.74;18;Die deutsche Wirtschaft ist im vergangenen Jahr um 3,6 Prozent gewachsen. Dies teilte das Statistische Bundesamt in Wiesbaden nach ersten Berechnungen mit. Das Wachstum war damit so groß wie noch nie seit der Wiedervereinigung Deutschlands. Im Krisenjahr 2009 war das Bruttoinlandsprodukt (BIP) um 4,7 Prozent abgestürzt. Dies war der stärkste Rückgang seit dem Zweiten Weltkrieg. Im bisher besten Jahr im vereinten Deutschland war die Wirtschaft im Boomjahr 2006 um 3,4 Prozent gewachsen.
44532242;Hans;Tester;München;80830;Schleißheimer Str.;236;33002378;14.01.74;371;Die deutsche Wirtschaft ist im vergangenen Jahr um 3,6 Prozent gewachsen. Dies teilte das Statistische Bundesamt in Wiesbaden nach ersten Berechnungen mit. Das Wachstum war damit so groß wie noch nie seit der Wiedervereinigung Deutschlands. Im Krisenjahr 2009 war das Bruttoinlandsprodukt (BIP) um 4,7 Prozent abgestürzt. Dies war der stärkste Rückgang seit dem Zweiten Weltkrieg. Im bisher besten Jahr im vereinten Deutschland war die Wirtschaft im Boomjahr 2006 um 3,4 Prozent gewachsen.
44532243;Hans;Tester;München;80831;Schleißheimer Str.;237;33002379;15.01.74;239;Die deutsche Wirtschaft ist im vergangenen Jahr um 3,6 Prozent gewachsen. Dies teilte das Statistische Bundesamt in Wiesbaden nach ersten Berechnungen mit. Das Wachstum war damit so groß wie noch nie seit der Wiedervereinigung Deutschlands. Im Krisenjahr 2009 war das Bruttoinlandsprodukt (BIP) um 4,7 Prozent abgestürzt. Dies war der stärkste Rückgang seit dem Zweiten Weltkrieg. Im bisher besten Jahr im vereinten Deutschland war die Wirtschaft im Boomjahr 2006 um 3,4 Prozent gewachsen.
44532244;Hans;Tester;München;80832;Schleißheimer Str.;238;33002380;16.01.74;729;Die deutsche Wirtschaft ist im vergangenen Jahr um 3,6 Prozent gewachsen. Dies teilte das Statistische Bundesamt in Wiesbaden nach ersten Berechnungen mit. Das Wachstum war damit so groß wie noch nie seit der Wiedervereinigung Deutschlands. Im Krisenjahr 2009 war das Bruttoinlandsprodukt (BIP) um 4,7 Prozent abgestürzt. Dies war der stärkste Rückgang seit dem Zweiten Weltkrieg. Im bisher besten Jahr im vereinten Deutschland war die Wirtschaft im Boomjahr 2006 um 3,4 Prozent gewachsen.
44532245;Hans;Tester;München;80833;Schleißheimer Str.;239;33002381;17.01.74;107;Die deutsche Wirtschaft ist im vergangenen Jahr um 3,6 Prozent gewachsen. Dies teilte das Statistische Bundesamt in Wiesbaden nach ersten Berechnungen mit. Das Wachstum war damit so groß wie noch nie seit der Wiedervereinigung Deutschlands. Im Krisenjahr 2009 war das Bruttoinlandsprodukt (BIP) um 4,7 Prozent abgestürzt. Dies war der stärkste Rückgang seit dem Zweiten Weltkrieg. Im bisher besten Jahr im vereinten Deutschland war die Wirtschaft im Boomjahr 2006 um 3,4 Prozent gewachsen.
44532246;Hans;Tester;München;80834;Schleißheimer Str.;240;33002382;18.01.74;661;Die deutsche Wirtschaft ist im vergangenen Jahr um 3,6 Prozent gewachsen. Dies teilte das Statistische Bundesamt in Wiesbaden nach ersten Berechnungen mit. Das Wachstum war damit so groß wie noch nie seit der Wiedervereinigung Deutschlands. Im Krisenjahr 2009 war das Bruttoinlandsprodukt (BIP) um 4,7 Prozent abgestürzt. Dies war der stärkste Rückgang seit dem Zweiten Weltkrieg. Im bisher besten Jahr im vereinten Deutschland war die Wirtschaft im Boomjahr 2006 um 3,4 Prozent gewachsen.
44532247;Hans;Tester;München;80835;Schleißheimer Str.;241;33002383;19.01.74;18;Die deutsche Wirtschaft ist im vergangenen Jahr um 3,6 Prozent gewachsen. Dies teilte das Statistische Bundesamt in Wiesbaden nach ersten Berechnungen mit. Das Wachstum war damit so groß wie noch nie seit der Wiedervereinigung Deutschlands. Im Krisenjahr 2009 war das Bruttoinlandsprodukt (BIP) um 4,7 Prozent abgestürzt. Dies war der stärkste Rückgang seit dem Zweiten Weltkrieg. Im bisher besten Jahr im vereinten Deutschland war die Wirtschaft im Boomjahr 2006 um 3,4 Prozent gewachsen.
44532248;Hans;Tester;München;80836;Schleißheimer Str.;242;33002384;20.01.74;531;Die deutsche Wirtschaft ist im vergangenen Jahr um 3,6 Prozent gewachsen. Dies teilte das Statistische Bundesamt in Wiesbaden nach ersten Berechnungen mit. Das Wachstum war damit so groß wie noch nie seit der Wiedervereinigung Deutschlands. Im Krisenjahr 2009 war das Bruttoinlandsprodukt (BIP) um 4,7 Prozent abgestürzt. Dies war der stärkste Rückgang seit dem Zweiten Weltkrieg. Im bisher besten Jahr im vereinten Deutschland war die Wirtschaft im Boomjahr 2006 um 3,4 Prozent gewachsen.
44532249;Hans;Tester;München;80837;Schleißheimer Str.;243;33002385;21.01.74;806;Die deutsche Wirtschaft ist im vergangenen Jahr um 3,6 Prozent gewachsen. Dies teilte das Statistische Bundesamt in Wiesbaden nach ersten Berechnungen mit. Das Wachstum war damit so groß wie noch nie seit der Wiedervereinigung Deutschlands. Im Krisenjahr 2009 war das Bruttoinlandsprodukt (BIP) um 4,7 Prozent abgestürzt. Dies war der stärkste Rückgang seit dem Zweiten Weltkrieg. Im bisher besten Jahr im vereinten Deutschland war die Wirtschaft im Boomjahr 2006 um 3,4 Prozent gewachsen.
44532250;Hans;Tester;München;80838;Schleißheimer Str.;244;33002386;22.01.74;100;Die deutsche Wirtschaft ist im vergangenen Jahr um 3,6 Prozent gewachsen. Dies teilte das Statistische Bundesamt in Wiesbaden nach ersten Berechnungen mit. Das Wachstum war damit so groß wie noch nie seit der Wiedervereinigung Deutschlands. Im Krisenjahr 2009 war das Bruttoinlandsprodukt (BIP) um 4,7 Prozent abgestürzt. Dies war der stärkste Rückgang seit dem Zweiten Weltkrieg. Im bisher besten Jahr im vereinten Deutschland war die Wirtschaft im Boomjahr 2006 um 3,4 Prozent gewachsen.
44532251;Hans;Tester;München;80839;Schleißheimer Str.;245;33002387;23.01.74;95;Die deutsche Wirtschaft ist im vergangenen Jahr um 3,6 Prozent gewachsen. Dies teilte das Statistische Bundesamt in Wiesbaden nach ersten Berechnungen mit. Das Wachstum war damit so groß wie noch nie seit der Wiedervereinigung Deutschlands. Im Krisenjahr 2009 war das Bruttoinlandsprodukt (BIP) um 4,7 Prozent abgestürzt. Dies war der stärkste Rückgang seit dem Zweiten Weltkrieg. Im bisher besten Jahr im vereinten Deutschland war die Wirtschaft im Boomjahr 2006 um 3,4 Prozent gewachsen.
44532252;Hans;Tester;München;80840;Schleißheimer Str.;246;33002388;24.01.74;40;Die deutsche Wirtschaft ist im vergangenen Jahr um 3,6 Prozent gewachsen. Dies teilte das Statistische Bundesamt in Wiesbaden nach ersten Berechnungen mit. Das Wachstum war damit so groß wie noch nie seit der Wiedervereinigung Deutschlands. Im Krisenjahr 2009 war das Bruttoinlandsprodukt (BIP) um 4,7 Prozent abgestürzt. Dies war der stärkste Rückgang seit dem Zweiten Weltkrieg. Im bisher besten Jahr im vereinten Deutschland war die Wirtschaft im Boomjahr 2006 um 3,4 Prozent gewachsen.
44532253;Hans;Tester;München;80841;Schleißheimer Str.;247;33002389;25.01.74;702;Die deutsche Wirtschaft ist im vergangenen Jahr um 3,6 Prozent gewachsen. Dies teilte das Statistische Bundesamt in Wiesbaden nach ersten Berechnungen mit. Das Wachstum war damit so groß wie noch nie seit der Wiedervereinigung Deutschlands. Im Krisenjahr 2009 war das Bruttoinlandsprodukt (BIP) um 4,7 Prozent abgestürzt. Dies war der stärkste Rückgang seit dem Zweiten Weltkrieg. Im bisher besten Jahr im vereinten Deutschland war die Wirtschaft im Boomjahr 2006 um 3,4 Prozent gewachsen.
44532254;Hans;Tester;München;80842;Schleißheimer Str.;248;33002390;26.01.74;697;Die deutsche Wirtschaft ist im vergangenen Jahr um 3,6 Prozent gewachsen. Dies teilte das Statistische Bundesamt in Wiesbaden nach ersten Berechnungen mit. Das Wachstum war damit so groß wie noch nie seit der Wiedervereinigung Deutschlands. Im Krisenjahr 2009 war das Bruttoinlandsprodukt (BIP) um 4,7 Prozent abgestürzt. Dies war der stärkste Rückgang seit dem Zweiten Weltkrieg. Im bisher besten Jahr im vereinten Deutschland war die Wirtschaft im Boomjahr 2006 um 3,4 Prozent gewachsen.
44532255;Hans;Tester;München;80843;Schleißheimer Str.;249;33002391;27.01.74;322;Die deutsche Wirtschaft ist im vergangenen Jahr um 3,6 Prozent gewachsen. Dies teilte das Statistische Bundesamt in Wiesbaden nach ersten Berechnungen mit. Das Wachstum war damit so groß wie noch nie seit der Wiedervereinigung Deutschlands. Im Krisenjahr 2009 war das Bruttoinlandsprodukt (BIP) um 4,7 Prozent abgestürzt. Dies war der stärkste Rückgang seit dem Zweiten Weltkrieg. Im bisher besten Jahr im vereinten Deutschland war die Wirtschaft im Boomjahr 2006 um 3,4 Prozent gewachsen.
44532256;Hans;Tester;München;80844;Schleißheimer Str.;250;33002392;28.01.74;184;Die deutsche Wirtschaft ist im vergangenen Jahr um 3,6 Prozent gewachsen. Dies teilte das Statistische Bundesamt in Wiesbaden nach ersten Berechnungen mit. Das Wachstum war damit so groß wie noch nie seit der Wiedervereinigung Deutschlands. Im Krisenjahr 2009 war das Bruttoinlandsprodukt (BIP) um 4,7 Prozent abgestürzt. Dies war der stärkste Rückgang seit dem Zweiten Weltkrieg. Im bisher besten Jahr im vereinten Deutschland war die Wirtschaft im Boomjahr 2006 um 3,4 Prozent gewachsen.
44532257;Hans;Tester;München;80845;Schleißheimer Str.;251;33002393;29.01.74;569;Die deutsche Wirtschaft ist im vergangenen Jahr um 3,6 Prozent gewachsen. Dies teilte das Statistische Bundesamt in Wiesbaden nach ersten Berechnungen mit. Das Wachstum war damit so groß wie noch nie seit der Wiedervereinigung Deutschlands. Im Krisenjahr 2009 war das Bruttoinlandsprodukt (BIP) um 4,7 Prozent abgestürzt. Dies war der stärkste Rückgang seit dem Zweiten Weltkrieg. Im bisher besten Jahr im vereinten Deutschland war die Wirtschaft im Boomjahr 2006 um 3,4 Prozent gewachsen.
44532258;Hans;Tester;München;80846;Schleißheimer Str.;252;33002394;30.01.74;704;Die deutsche Wirtschaft ist im vergangenen Jahr um 3,6 Prozent gewachsen. Dies teilte das Statistische Bundesamt in Wiesbaden nach ersten Berechnungen mit. Das Wachstum war damit so groß wie noch nie seit der Wiedervereinigung Deutschlands. Im Krisenjahr 2009 war das Bruttoinlandsprodukt (BIP) um 4,7 Prozent abgestürzt. Dies war der stärkste Rückgang seit dem Zweiten Weltkrieg. Im bisher besten Jahr im vereinten Deutschland war die Wirtschaft im Boomjahr 2006 um 3,4 Prozent gewachsen.
44532259;Hans;Tester;München;80847;Schleißheimer Str.;253;33002395;31.01.74;323;Die deutsche Wirtschaft ist im vergangenen Jahr um 3,6 Prozent gewachsen. Dies teilte das Statistische Bundesamt in Wiesbaden nach ersten Berechnungen mit. Das Wachstum war damit so groß wie noch nie seit der Wiedervereinigung Deutschlands. Im Krisenjahr 2009 war das Bruttoinlandsprodukt (BIP) um 4,7 Prozent abgestürzt. Dies war der stärkste Rückgang seit dem Zweiten Weltkrieg. Im bisher besten Jahr im vereinten Deutschland war die Wirtschaft im Boomjahr 2006 um 3,4 Prozent gewachsen.
44532260;Hans;Tester;München;80848;Schleißheimer Str.;254;33002396;01.02.74;263;Die deutsche Wirtschaft ist im vergangenen Jahr um 3,6 Prozent gewachsen. Dies teilte das Statistische Bundesamt in Wiesbaden nach ersten Berechnungen mit. Das Wachstum war damit so groß wie noch nie seit der Wiedervereinigung Deutschlands. Im Krisenjahr 2009 war das Bruttoinlandsprodukt (BIP) um 4,7 Prozent abgestürzt. Dies war der stärkste Rückgang seit dem Zweiten Weltkrieg. Im bisher besten Jahr im vereinten Deutschland war die Wirtschaft im Boomjahr 2006 um 3,4 Prozent gewachsen.
44532261;Hans;Tester;München;80849;Schleißheimer Str.;255;33002397;02.02.74;762;Die deutsche Wirtschaft ist im vergangenen Jahr um 3,6 Prozent gewachsen. Dies teilte das Statistische Bundesamt in Wiesbaden nach ersten Berechnungen mit. Das Wachstum war damit so groß wie noch nie seit der Wiedervereinigung Deutschlands. Im Krisenjahr 2009 war das Bruttoinlandsprodukt (BIP) um 4,7 Prozent abgestürzt. Dies war der stärkste Rückgang seit dem Zweiten Weltkrieg. Im bisher besten Jahr im vereinten Deutschland war die Wirtschaft im Boomjahr 2006 um 3,4 Prozent gewachsen.
44532262;Hans;Tester;München;80850;Schleißheimer Str.;256;33002398;03.02.74;146;Die deutsche Wirtschaft ist im vergangenen Jahr um 3,6 Prozent gewachsen. Dies teilte das Statistische Bundesamt in Wiesbaden nach ersten Berechnungen mit. Das Wachstum war damit so groß wie noch nie seit der Wiedervereinigung Deutschlands. Im Krisenjahr 2009 war das Bruttoinlandsprodukt (BIP) um 4,7 Prozent abgestürzt. Dies war der stärkste Rückgang seit dem Zweiten Weltkrieg. Im bisher besten Jahr im vereinten Deutschland war die Wirtschaft im Boomjahr 2006 um 3,4 Prozent gewachsen.
44532263;Hans;Tester;München;80851;Schleißheimer Str.;257;33002399;04.02.74;300;Die deutsche Wirtschaft ist im vergangenen Jahr um 3,6 Prozent gewachsen. Dies teilte das Statistische Bundesamt in Wiesbaden nach ersten Berechnungen mit. Das Wachstum war damit so groß wie noch nie seit der Wiedervereinigung Deutschlands. Im Krisenjahr 2009 war das Bruttoinlandsprodukt (BIP) um 4,7 Prozent abgestürzt. Dies war der stärkste Rückgang seit dem Zweiten Weltkrieg. Im bisher besten Jahr im vereinten Deutschland war die Wirtschaft im Boomjahr 2006 um 3,4 Prozent gewachsen.
44532264;Hans;Tester;München;80852;Schleißheimer Str.;258;33002400;05.02.74;850;Die deutsche Wirtschaft ist im vergangenen Jahr um 3,6 Prozent gewachsen. Dies teilte das Statistische Bundesamt in Wiesbaden nach ersten Berechnungen mit. Das Wachstum war damit so groß wie noch nie seit der Wiedervereinigung Deutschlands. Im Krisenjahr 2009 war das Bruttoinlandsprodukt (BIP) um 4,7 Prozent abgestürzt. Dies war der stärkste Rückgang seit dem Zweiten Weltkrieg. Im bisher besten Jahr im vereinten Deutschland war die Wirtschaft im Boomjahr 2006 um 3,4 Prozent gewachsen.
44532265;Hans;Tester;München;80853;Schleißheimer Str.;259;33002401;06.02.74;651;Die deutsche Wirtschaft ist im vergangenen Jahr um 3,6 Prozent gewachsen. Dies teilte das Statistische Bundesamt in Wiesbaden nach ersten Berechnungen mit. Das Wachstum war damit so groß wie noch nie seit der Wiedervereinigung Deutschlands. Im Krisenjahr 2009 war das Bruttoinlandsprodukt (BIP) um 4,7 Prozent abgestürzt. Dies war der stärkste Rückgang seit dem Zweiten Weltkrieg. Im bisher besten Jahr im vereinten Deutschland war die Wirtschaft im Boomjahr 2006 um 3,4 Prozent gewachsen.
44532266;Hans;Tester;München;80854;Schleißheimer Str.;260;33002402;07.02.74;199;Die deutsche Wirtschaft ist im vergangenen Jahr um 3,6 Prozent gewachsen. Dies teilte das Statistische Bundesamt in Wiesbaden nach ersten Berechnungen mit. Das Wachstum war damit so groß wie noch nie seit der Wiedervereinigung Deutschlands. Im Krisenjahr 2009 war das Bruttoinlandsprodukt (BIP) um 4,7 Prozent abgestürzt. Dies war der stärkste Rückgang seit dem Zweiten Weltkrieg. Im bisher besten Jahr im vereinten Deutschland war die Wirtschaft im Boomjahr 2006 um 3,4 Prozent gewachsen.
44532267;Hans;Tester;München;80855;Schleißheimer Str.;261;33002403;08.02.74;939;Die deutsche Wirtschaft ist im vergangenen Jahr um 3,6 Prozent gewachsen. Dies teilte das Statistische Bundesamt in Wiesbaden nach ersten Berechnungen mit. Das Wachstum war damit so groß wie noch nie seit der Wiedervereinigung Deutschlands. Im Krisenjahr 2009 war das Bruttoinlandsprodukt (BIP) um 4,7 Prozent abgestürzt. Dies war der stärkste Rückgang seit dem Zweiten Weltkrieg. Im bisher besten Jahr im vereinten Deutschland war die Wirtschaft im Boomjahr 2006 um 3,4 Prozent gewachsen.
44532268;Hans;Tester;München;80856;Schleißheimer Str.;262;33002404;09.02.74;149;Die deutsche Wirtschaft ist im vergangenen Jahr um 3,6 Prozent gewachsen. Dies teilte das Statistische Bundesamt in Wiesbaden nach ersten Berechnungen mit. Das Wachstum war damit so groß wie noch nie seit der Wiedervereinigung Deutschlands. Im Krisenjahr 2009 war das Bruttoinlandsprodukt (BIP) um 4,7 Prozent abgestürzt. Dies war der stärkste Rückgang seit dem Zweiten Weltkrieg. Im bisher besten Jahr im vereinten Deutschland war die Wirtschaft im Boomjahr 2006 um 3,4 Prozent gewachsen.
44532269;Hans;Tester;München;80857;Schleißheimer Str.;263;33002405;10.02.74;955;Die deutsche Wirtschaft ist im vergangenen Jahr um 3,6 Prozent gewachsen. Dies teilte das Statistische Bundesamt in Wiesbaden nach ersten Berechnungen mit. Das Wachstum war damit so groß wie noch nie seit der Wiedervereinigung Deutschlands. Im Krisenjahr 2009 war das Bruttoinlandsprodukt (BIP) um 4,7 Prozent abgestürzt. Dies war der stärkste Rückgang seit dem Zweiten Weltkrieg. Im bisher besten Jahr im vereinten Deutschland war die Wirtschaft im Boomjahr 2006 um 3,4 Prozent gewachsen.
44532270;Hans;Tester;München;80858;Schleißheimer Str.;264;33002406;11.02.74;625;Die deutsche Wirtschaft ist im vergangenen Jahr um 3,6 Prozent gewachsen. Dies teilte das Statistische Bundesamt in Wiesbaden nach ersten Berechnungen mit. Das Wachstum war damit so groß wie noch nie seit der Wiedervereinigung Deutschlands. Im Krisenjahr 2009 war das Bruttoinlandsprodukt (BIP) um 4,7 Prozent abgestürzt. Dies war der stärkste Rückgang seit dem Zweiten Weltkrieg. Im bisher besten Jahr im vereinten Deutschland war die Wirtschaft im Boomjahr 2006 um 3,4 Prozent gewachsen.
44532271;Hans;Tester;München;80859;Schleißheimer Str.;265;33002407;12.02.74;850;Die deutsche Wirtschaft ist im vergangenen Jahr um 3,6 Prozent gewachsen. Dies teilte das Statistische Bundesamt in Wiesbaden nach ersten Berechnungen mit. Das Wachstum war damit so groß wie noch nie seit der Wiedervereinigung Deutschlands. Im Krisenjahr 2009 war das Bruttoinlandsprodukt (BIP) um 4,7 Prozent abgestürzt. Dies war der stärkste Rückgang seit dem Zweiten Weltkrieg. Im bisher besten Jahr im vereinten Deutschland war die Wirtschaft im Boomjahr 2006 um 3,4 Prozent gewachsen.
44532272;Hans;Tester;München;80860;Schleißheimer Str.;266;33002408;13.02.74;972;Die deutsche Wirtschaft ist im vergangenen Jahr um 3,6 Prozent gewachsen. Dies teilte das Statistische Bundesamt in Wiesbaden nach ersten Berechnungen mit. Das Wachstum war damit so groß wie noch nie seit der Wiedervereinigung Deutschlands. Im Krisenjahr 2009 war das Bruttoinlandsprodukt (BIP) um 4,7 Prozent abgestürzt. Dies war der stärkste Rückgang seit dem Zweiten Weltkrieg. Im bisher besten Jahr im vereinten Deutschland war die Wirtschaft im Boomjahr 2006 um 3,4 Prozent gewachsen.
44532273;Hans;Tester;München;80861;Schleißheimer Str.;267;33002409;14.02.74;995;Die deutsche Wirtschaft ist im vergangenen Jahr um 3,6 Prozent gewachsen. Dies teilte das Statistische Bundesamt in Wiesbaden nach ersten Berechnungen mit. Das Wachstum war damit so groß wie noch nie seit der Wiedervereinigung Deutschlands. Im Krisenjahr 2009 war das Bruttoinlandsprodukt (BIP) um 4,7 Prozent abgestürzt. Dies war der stärkste Rückgang seit dem Zweiten Weltkrieg. Im bisher besten Jahr im vereinten Deutschland war die Wirtschaft im Boomjahr 2006 um 3,4 Prozent gewachsen.
44532274;Hans;Tester;München;80862;Schleißheimer Str.;268;33002410;15.02.74;88;Die deutsche Wirtschaft ist im vergangenen Jahr um 3,6 Prozent gewachsen. Dies teilte das Statistische Bundesamt in Wiesbaden nach ersten Berechnungen mit. Das Wachstum war damit so groß wie noch nie seit der Wiedervereinigung Deutschlands. Im Krisenjahr 2009 war das Bruttoinlandsprodukt (BIP) um 4,7 Prozent abgestürzt. Dies war der stärkste Rückgang seit dem Zweiten Weltkrieg. Im bisher besten Jahr im vereinten Deutschland war die Wirtschaft im Boomjahr 2006 um 3,4 Prozent gewachsen.
44532275;Hans;Tester;München;80863;Schleißheimer Str.;269;33002411;16.02.74;701;Die deutsche Wirtschaft ist im vergangenen Jahr um 3,6 Prozent gewachsen. Dies teilte das Statistische Bundesamt in Wiesbaden nach ersten Berechnungen mit. Das Wachstum war damit so groß wie noch nie seit der Wiedervereinigung Deutschlands. Im Krisenjahr 2009 war das Bruttoinlandsprodukt (BIP) um 4,7 Prozent abgestürzt. Dies war der stärkste Rückgang seit dem Zweiten Weltkrieg. Im bisher besten Jahr im vereinten Deutschland war die Wirtschaft im Boomjahr 2006 um 3,4 Prozent gewachsen.
44532276;Hans;Tester;München;80864;Schleißheimer Str.;270;33002412;17.02.74;102;Die deutsche Wirtschaft ist im vergangenen Jahr um 3,6 Prozent gewachsen. Dies teilte das Statistische Bundesamt in Wiesbaden nach ersten Berechnungen mit. Das Wachstum war damit so groß wie noch nie seit der Wiedervereinigung Deutschlands. Im Krisenjahr 2009 war das Bruttoinlandsprodukt (BIP) um 4,7 Prozent abgestürzt. Dies war der stärkste Rückgang seit dem Zweiten Weltkrieg. Im bisher besten Jahr im vereinten Deutschland war die Wirtschaft im Boomjahr 2006 um 3,4 Prozent gewachsen.
44532277;Hans;Tester;München;80865;Schleißheimer Str.;271;33002413;18.02.74;749;Die deutsche Wirtschaft ist im vergangenen Jahr um 3,6 Prozent gewachsen. Dies teilte das Statistische Bundesamt in Wiesbaden nach ersten Berechnungen mit. Das Wachstum war damit so groß wie noch nie seit der Wiedervereinigung Deutschlands. Im Krisenjahr 2009 war das Bruttoinlandsprodukt (BIP) um 4,7 Prozent abgestürzt. Dies war der stärkste Rückgang seit dem Zweiten Weltkrieg. Im bisher besten Jahr im vereinten Deutschland war die Wirtschaft im Boomjahr 2006 um 3,4 Prozent gewachsen.
44532278;Hans;Tester;München;80866;Schleißheimer Str.;272;33002414;19.02.74;719;Die deutsche Wirtschaft ist im vergangenen Jahr um 3,6 Prozent gewachsen. Dies teilte das Statistische Bundesamt in Wiesbaden nach ersten Berechnungen mit. Das Wachstum war damit so groß wie noch nie seit der Wiedervereinigung Deutschlands. Im Krisenjahr 2009 war das Bruttoinlandsprodukt (BIP) um 4,7 Prozent abgestürzt. Dies war der stärkste Rückgang seit dem Zweiten Weltkrieg. Im bisher besten Jahr im vereinten Deutschland war die Wirtschaft im Boomjahr 2006 um 3,4 Prozent gewachsen.
44532279;Hans;Tester;München;80867;Schleißheimer Str.;273;33002415;20.02.74;632;Die deutsche Wirtschaft ist im vergangenen Jahr um 3,6 Prozent gewachsen. Dies teilte das Statistische Bundesamt in Wiesbaden nach ersten Berechnungen mit. Das Wachstum war damit so groß wie noch nie seit der Wiedervereinigung Deutschlands. Im Krisenjahr 2009 war das Bruttoinlandsprodukt (BIP) um 4,7 Prozent abgestürzt. Dies war der stärkste Rückgang seit dem Zweiten Weltkrieg. Im bisher besten Jahr im vereinten Deutschland war die Wirtschaft im Boomjahr 2006 um 3,4 Prozent gewachsen.
44532280;Hans;Tester;München;80868;Schleißheimer Str.;274;33002416;21.02.74;554;Die deutsche Wirtschaft ist im vergangenen Jahr um 3,6 Prozent gewachsen. Dies teilte das Statistische Bundesamt in Wiesbaden nach ersten Berechnungen mit. Das Wachstum war damit so groß wie noch nie seit der Wiedervereinigung Deutschlands. Im Krisenjahr 2009 war das Bruttoinlandsprodukt (BIP) um 4,7 Prozent abgestürzt. Dies war der stärkste Rückgang seit dem Zweiten Weltkrieg. Im bisher besten Jahr im vereinten Deutschland war die Wirtschaft im Boomjahr 2006 um 3,4 Prozent gewachsen.
44532281;Hans;Tester;München;80869;Schleißheimer Str.;275;33002417;22.02.74;818;Die deutsche Wirtschaft ist im vergangenen Jahr um 3,6 Prozent gewachsen. Dies teilte das Statistische Bundesamt in Wiesbaden nach ersten Berechnungen mit. Das Wachstum war damit so groß wie noch nie seit der Wiedervereinigung Deutschlands. Im Krisenjahr 2009 war das Bruttoinlandsprodukt (BIP) um 4,7 Prozent abgestürzt. Dies war der stärkste Rückgang seit dem Zweiten Weltkrieg. Im bisher besten Jahr im vereinten Deutschland war die Wirtschaft im Boomjahr 2006 um 3,4 Prozent gewachsen.
44532282;Hans;Tester;München;80870;Schleißheimer Str.;276;33002418;23.02.74;726;Die deutsche Wirtschaft ist im vergangenen Jahr um 3,6 Prozent gewachsen. Dies teilte das Statistische Bundesamt in Wiesbaden nach ersten Berechnungen mit. Das Wachstum war damit so groß wie noch nie seit der Wiedervereinigung Deutschlands. Im Krisenjahr 2009 war das Bruttoinlandsprodukt (BIP) um 4,7 Prozent abgestürzt. Dies war der stärkste Rückgang seit dem Zweiten Weltkrieg. Im bisher besten Jahr im vereinten Deutschland war die Wirtschaft im Boomjahr 2006 um 3,4 Prozent gewachsen.
44532283;Hans;Tester;München;80871;Schleißheimer Str.;277;33002419;24.02.74;594;Die deutsche Wirtschaft ist im vergangenen Jahr um 3,6 Prozent gewachsen. Dies teilte das Statistische Bundesamt in Wiesbaden nach ersten Berechnungen mit. Das Wachstum war damit so groß wie noch nie seit der Wiedervereinigung Deutschlands. Im Krisenjahr 2009 war das Bruttoinlandsprodukt (BIP) um 4,7 Prozent abgestürzt. Dies war der stärkste Rückgang seit dem Zweiten Weltkrieg. Im bisher besten Jahr im vereinten Deutschland war die Wirtschaft im Boomjahr 2006 um 3,4 Prozent gewachsen.
44532284;Hans;Tester;München;80872;Schleißheimer Str.;278;33002420;25.02.74;519;Die deutsche Wirtschaft ist im vergangenen Jahr um 3,6 Prozent gewachsen. Dies teilte das Statistische Bundesamt in Wiesbaden nach ersten Berechnungen mit. Das Wachstum war damit so groß wie noch nie seit der Wiedervereinigung Deutschlands. Im Krisenjahr 2009 war das Bruttoinlandsprodukt (BIP) um 4,7 Prozent abgestürzt. Dies war der stärkste Rückgang seit dem Zweiten Weltkrieg. Im bisher besten Jahr im vereinten Deutschland war die Wirtschaft im Boomjahr 2006 um 3,4 Prozent gewachsen.
44532285;Hans;Tester;München;80873;Schleißheimer Str.;279;33002421;26.02.74;423;Die deutsche Wirtschaft ist im vergangenen Jahr um 3,6 Prozent gewachsen. Dies teilte das Statistische Bundesamt in Wiesbaden nach ersten Berechnungen mit. Das Wachstum war damit so groß wie noch nie seit der Wiedervereinigung Deutschlands. Im Krisenjahr 2009 war das Bruttoinlandsprodukt (BIP) um 4,7 Prozent abgestürzt. Dies war der stärkste Rückgang seit dem Zweiten Weltkrieg. Im bisher besten Jahr im vereinten Deutschland war die Wirtschaft im Boomjahr 2006 um 3,4 Prozent gewachsen.
44532286;Hans;Tester;München;80874;Schleißheimer Str.;280;33002422;27.02.74;915;Die deutsche Wirtschaft ist im vergangenen Jahr um 3,6 Prozent gewachsen. Dies teilte das Statistische Bundesamt in Wiesbaden nach ersten Berechnungen mit. Das Wachstum war damit so groß wie noch nie seit der Wiedervereinigung Deutschlands. Im Krisenjahr 2009 war das Bruttoinlandsprodukt (BIP) um 4,7 Prozent abgestürzt. Dies war der stärkste Rückgang seit dem Zweiten Weltkrieg. Im bisher besten Jahr im vereinten Deutschland war die Wirtschaft im Boomjahr 2006 um 3,4 Prozent gewachsen.
44532287;Hans;Tester;München;80875;Schleißheimer Str.;281;33002423;28.02.74;703;Die deutsche Wirtschaft ist im vergangenen Jahr um 3,6 Prozent gewachsen. Dies teilte das Statistische Bundesamt in Wiesbaden nach ersten Berechnungen mit. Das Wachstum war damit so groß wie noch nie seit der Wiedervereinigung Deutschlands. Im Krisenjahr 2009 war das Bruttoinlandsprodukt (BIP) um 4,7 Prozent abgestürzt. Dies war der stärkste Rückgang seit dem Zweiten Weltkrieg. Im bisher besten Jahr im vereinten Deutschland war die Wirtschaft im Boomjahr 2006 um 3,4 Prozent gewachsen.
44532288;Hans;Tester;München;80876;Schleißheimer Str.;282;33002424;01.03.74;991;Die deutsche Wirtschaft ist im vergangenen Jahr um 3,6 Prozent gewachsen. Dies teilte das Statistische Bundesamt in Wiesbaden nach ersten Berechnungen mit. Das Wachstum war damit so groß wie noch nie seit der Wiedervereinigung Deutschlands. Im Krisenjahr 2009 war das Bruttoinlandsprodukt (BIP) um 4,7 Prozent abgestürzt. Dies war der stärkste Rückgang seit dem Zweiten Weltkrieg. Im bisher besten Jahr im vereinten Deutschland war die Wirtschaft im Boomjahr 2006 um 3,4 Prozent gewachsen.
44532289;Hans;Tester;München;80877;Schleißheimer Str.;283;33002425;02.03.74;619;Die deutsche Wirtschaft ist im vergangenen Jahr um 3,6 Prozent gewachsen. Dies teilte das Statistische Bundesamt in Wiesbaden nach ersten Berechnungen mit. Das Wachstum war damit so groß wie noch nie seit der Wiedervereinigung Deutschlands. Im Krisenjahr 2009 war das Bruttoinlandsprodukt (BIP) um 4,7 Prozent abgestürzt. Dies war der stärkste Rückgang seit dem Zweiten Weltkrieg. Im bisher besten Jahr im vereinten Deutschland war die Wirtschaft im Boomjahr 2006 um 3,4 Prozent gewachsen.
44532290;Hans;Tester;München;80878;Schleißheimer Str.;284;33002426;03.03.74;25;Die deutsche Wirtschaft ist im vergangenen Jahr um 3,6 Prozent gewachsen. Dies teilte das Statistische Bundesamt in Wiesbaden nach ersten Berechnungen mit. Das Wachstum war damit so groß wie noch nie seit der Wiedervereinigung Deutschlands. Im Krisenjahr 2009 war das Bruttoinlandsprodukt (BIP) um 4,7 Prozent abgestürzt. Dies war der stärkste Rückgang seit dem Zweiten Weltkrieg. Im bisher besten Jahr im vereinten Deutschland war die Wirtschaft im Boomjahr 2006 um 3,4 Prozent gewachsen.
44532291;Hans;Tester;München;80879;Schleißheimer Str.;285;33002427;04.03.74;254;Die deutsche Wirtschaft ist im vergangenen Jahr um 3,6 Prozent gewachsen. Dies teilte das Statistische Bundesamt in Wiesbaden nach ersten Berechnungen mit. Das Wachstum war damit so groß wie noch nie seit der Wiedervereinigung Deutschlands. Im Krisenjahr 2009 war das Bruttoinlandsprodukt (BIP) um 4,7 Prozent abgestürzt. Dies war der stärkste Rückgang seit dem Zweiten Weltkrieg. Im bisher besten Jahr im vereinten Deutschland war die Wirtschaft im Boomjahr 2006 um 3,4 Prozent gewachsen.
44532292;Hans;Tester;München;80880;Schleißheimer Str.;286;33002428;05.03.74;380;Die deutsche Wirtschaft ist im vergangenen Jahr um 3,6 Prozent gewachsen. Dies teilte das Statistische Bundesamt in Wiesbaden nach ersten Berechnungen mit. Das Wachstum war damit so groß wie noch nie seit der Wiedervereinigung Deutschlands. Im Krisenjahr 2009 war das Bruttoinlandsprodukt (BIP) um 4,7 Prozent abgestürzt. Dies war der stärkste Rückgang seit dem Zweiten Weltkrieg. Im bisher besten Jahr im vereinten Deutschland war die Wirtschaft im Boomjahr 2006 um 3,4 Prozent gewachsen.
44532293;Hans;Tester;München;80881;Schleißheimer Str.;287;33002429;06.03.74;170;Die deutsche Wirtschaft ist im vergangenen Jahr um 3,6 Prozent gewachsen. Dies teilte das Statistische Bundesamt in Wiesbaden nach ersten Berechnungen mit. Das Wachstum war damit so groß wie noch nie seit der Wiedervereinigung Deutschlands. Im Krisenjahr 2009 war das Bruttoinlandsprodukt (BIP) um 4,7 Prozent abgestürzt. Dies war der stärkste Rückgang seit dem Zweiten Weltkrieg. Im bisher besten Jahr im vereinten Deutschland war die Wirtschaft im Boomjahr 2006 um 3,4 Prozent gewachsen.
44532294;Hans;Tester;München;80882;Schleißheimer Str.;288;33002430;07.03.74;554;Die deutsche Wirtschaft ist im vergangenen Jahr um 3,6 Prozent gewachsen. Dies teilte das Statistische Bundesamt in Wiesbaden nach ersten Berechnungen mit. Das Wachstum war damit so groß wie noch nie seit der Wiedervereinigung Deutschlands. Im Krisenjahr 2009 war das Bruttoinlandsprodukt (BIP) um 4,7 Prozent abgestürzt. Dies war der stärkste Rückgang seit dem Zweiten Weltkrieg. Im bisher besten Jahr im vereinten Deutschland war die Wirtschaft im Boomjahr 2006 um 3,4 Prozent gewachsen.
44532295;Hans;Tester;München;80883;Schleißheimer Str.;289;33002431;08.03.74;229;Die deutsche Wirtschaft ist im vergangenen Jahr um 3,6 Prozent gewachsen. Dies teilte das Statistische Bundesamt in Wiesbaden nach ersten Berechnungen mit. Das Wachstum war damit so groß wie noch nie seit der Wiedervereinigung Deutschlands. Im Krisenjahr 2009 war das Bruttoinlandsprodukt (BIP) um 4,7 Prozent abgestürzt. Dies war der stärkste Rückgang seit dem Zweiten Weltkrieg. Im bisher besten Jahr im vereinten Deutschland war die Wirtschaft im Boomjahr 2006 um 3,4 Prozent gewachsen.
44532296;Hans;Tester;München;80884;Schleißheimer Str.;290;33002432;09.03.74;821;Die deutsche Wirtschaft ist im vergangenen Jahr um 3,6 Prozent gewachsen. Dies teilte das Statistische Bundesamt in Wiesbaden nach ersten Berechnungen mit. Das Wachstum war damit so groß wie noch nie seit der Wiedervereinigung Deutschlands. Im Krisenjahr 2009 war das Bruttoinlandsprodukt (BIP) um 4,7 Prozent abgestürzt. Dies war der stärkste Rückgang seit dem Zweiten Weltkrieg. Im bisher besten Jahr im vereinten Deutschland war die Wirtschaft im Boomjahr 2006 um 3,4 Prozent gewachsen.
44532297;Hans;Tester;München;80885;Schleißheimer Str.;291;33002433;10.03.74;753;Die deutsche Wirtschaft ist im vergangenen Jahr um 3,6 Prozent gewachsen. Dies teilte das Statistische Bundesamt in Wiesbaden nach ersten Berechnungen mit. Das Wachstum war damit so groß wie noch nie seit der Wiedervereinigung Deutschlands. Im Krisenjahr 2009 war das Bruttoinlandsprodukt (BIP) um 4,7 Prozent abgestürzt. Dies war der stärkste Rückgang seit dem Zweiten Weltkrieg. Im bisher besten Jahr im vereinten Deutschland war die Wirtschaft im Boomjahr 2006 um 3,4 Prozent gewachsen.
44532298;Hans;Tester;München;80886;Schleißheimer Str.;292;33002434;11.03.74;168;Die deutsche Wirtschaft ist im vergangenen Jahr um 3,6 Prozent gewachsen. Dies teilte das Statistische Bundesamt in Wiesbaden nach ersten Berechnungen mit. Das Wachstum war damit so groß wie noch nie seit der Wiedervereinigung Deutschlands. Im Krisenjahr 2009 war das Bruttoinlandsprodukt (BIP) um 4,7 Prozent abgestürzt. Dies war der stärkste Rückgang seit dem Zweiten Weltkrieg. Im bisher besten Jahr im vereinten Deutschland war die Wirtschaft im Boomjahr 2006 um 3,4 Prozent gewachsen.
44532299;Hans;Tester;München;80887;Schleißheimer Str.;293;33002435;12.03.74;969;Die deutsche Wirtschaft ist im vergangenen Jahr um 3,6 Prozent gewachsen. Dies teilte das Statistische Bundesamt in Wiesbaden nach ersten Berechnungen mit. Das Wachstum war damit so groß wie noch nie seit der Wiedervereinigung Deutschlands. Im Krisenjahr 2009 war das Bruttoinlandsprodukt (BIP) um 4,7 Prozent abgestürzt. Dies war der stärkste Rückgang seit dem Zweiten Weltkrieg. Im bisher besten Jahr im vereinten Deutschland war die Wirtschaft im Boomjahr 2006 um 3,4 Prozent gewachsen.
44532300;Hans;Tester;München;80888;Schleißheimer Str.;294;33002436;13.03.74;707;Die deutsche Wirtschaft ist im vergangenen Jahr um 3,6 Prozent gewachsen. Dies teilte das Statistische Bundesamt in Wiesbaden nach ersten Berechnungen mit. Das Wachstum war damit so groß wie noch nie seit der Wiedervereinigung Deutschlands. Im Krisenjahr 2009 war das Bruttoinlandsprodukt (BIP) um 4,7 Prozent abgestürzt. Dies war der stärkste Rückgang seit dem Zweiten Weltkrieg. Im bisher besten Jahr im vereinten Deutschland war die Wirtschaft im Boomjahr 2006 um 3,4 Prozent gewachsen.
44532301;Hans;Tester;München;80889;Schleißheimer Str.;295;33002437;14.03.74;792;Die deutsche Wirtschaft ist im vergangenen Jahr um 3,6 Prozent gewachsen. Dies teilte das Statistische Bundesamt in Wiesbaden nach ersten Berechnungen mit. Das Wachstum war damit so groß wie noch nie seit der Wiedervereinigung Deutschlands. Im Krisenjahr 2009 war das Bruttoinlandsprodukt (BIP) um 4,7 Prozent abgestürzt. Dies war der stärkste Rückgang seit dem Zweiten Weltkrieg. Im bisher besten Jahr im vereinten Deutschland war die Wirtschaft im Boomjahr 2006 um 3,4 Prozent gewachsen.
44532302;Hans;Tester;München;80890;Schleißheimer Str.;296;33002438;15.03.74;819;Die deutsche Wirtschaft ist im vergangenen Jahr um 3,6 Prozent gewachsen. Dies teilte das Statistische Bundesamt in Wiesbaden nach ersten Berechnungen mit. Das Wachstum war damit so groß wie noch nie seit der Wiedervereinigung Deutschlands. Im Krisenjahr 2009 war das Bruttoinlandsprodukt (BIP) um 4,7 Prozent abgestürzt. Dies war der stärkste Rückgang seit dem Zweiten Weltkrieg. Im bisher besten Jahr im vereinten Deutschland war die Wirtschaft im Boomjahr 2006 um 3,4 Prozent gewachsen.
44532303;Hans;Tester;München;80891;Schleißheimer Str.;297;33002439;16.03.74;679;Die deutsche Wirtschaft ist im vergangenen Jahr um 3,6 Prozent gewachsen. Dies teilte das Statistische Bundesamt in Wiesbaden nach ersten Berechnungen mit. Das Wachstum war damit so groß wie noch nie seit der Wiedervereinigung Deutschlands. Im Krisenjahr 2009 war das Bruttoinlandsprodukt (BIP) um 4,7 Prozent abgestürzt. Dies war der stärkste Rückgang seit dem Zweiten Weltkrieg. Im bisher besten Jahr im vereinten Deutschland war die Wirtschaft im Boomjahr 2006 um 3,4 Prozent gewachsen.
44532304;Hans;Tester;München;80892;Schleißheimer Str.;298;33002440;17.03.74;787;Die deutsche Wirtschaft ist im vergangenen Jahr um 3,6 Prozent gewachsen. Dies teilte das Statistische Bundesamt in Wiesbaden nach ersten Berechnungen mit. Das Wachstum war damit so groß wie noch nie seit der Wiedervereinigung Deutschlands. Im Krisenjahr 2009 war das Bruttoinlandsprodukt (BIP) um 4,7 Prozent abgestürzt. Dies war der stärkste Rückgang seit dem Zweiten Weltkrieg. Im bisher besten Jahr im vereinten Deutschland war die Wirtschaft im Boomjahr 2006 um 3,4 Prozent gewachsen.
44532305;Hans;Tester;München;80893;Schleißheimer Str.;299;33002441;18.03.74;907;Die deutsche Wirtschaft ist im vergangenen Jahr um 3,6 Prozent gewachsen. Dies teilte das Statistische Bundesamt in Wiesbaden nach ersten Berechnungen mit. Das Wachstum war damit so groß wie noch nie seit der Wiedervereinigung Deutschlands. Im Krisenjahr 2009 war das Bruttoinlandsprodukt (BIP) um 4,7 Prozent abgestürzt. Dies war der stärkste Rückgang seit dem Zweiten Weltkrieg. Im bisher besten Jahr im vereinten Deutschland war die Wirtschaft im Boomjahr 2006 um 3,4 Prozent gewachsen.
44532306;Hans;Tester;München;80894;Schleißheimer Str.;300;33002442;19.03.74;379;Die deutsche Wirtschaft ist im vergangenen Jahr um 3,6 Prozent gewachsen. Dies teilte das Statistische Bundesamt in Wiesbaden nach ersten Berechnungen mit. Das Wachstum war damit so groß wie noch nie seit der Wiedervereinigung Deutschlands. Im Krisenjahr 2009 war das Bruttoinlandsprodukt (BIP) um 4,7 Prozent abgestürzt. Dies war der stärkste Rückgang seit dem Zweiten Weltkrieg. Im bisher besten Jahr im vereinten Deutschland war die Wirtschaft im Boomjahr 2006 um 3,4 Prozent gewachsen.
44532307;Hans;Tester;München;80895;Schleißheimer Str.;301;33002443;20.03.74;888;Die deutsche Wirtschaft ist im vergangenen Jahr um 3,6 Prozent gewachsen. Dies teilte das Statistische Bundesamt in Wiesbaden nach ersten Berechnungen mit. Das Wachstum war damit so groß wie noch nie seit der Wiedervereinigung Deutschlands. Im Krisenjahr 2009 war das Bruttoinlandsprodukt (BIP) um 4,7 Prozent abgestürzt. Dies war der stärkste Rückgang seit dem Zweiten Weltkrieg. Im bisher besten Jahr im vereinten Deutschland war die Wirtschaft im Boomjahr 2006 um 3,4 Prozent gewachsen.
44532308;Hans;Tester;München;80896;Schleißheimer Str.;302;33002444;21.03.74;656;Die deutsche Wirtschaft ist im vergangenen Jahr um 3,6 Prozent gewachsen. Dies teilte das Statistische Bundesamt in Wiesbaden nach ersten Berechnungen mit. Das Wachstum war damit so groß wie noch nie seit der Wiedervereinigung Deutschlands. Im Krisenjahr 2009 war das Bruttoinlandsprodukt (BIP) um 4,7 Prozent abgestürzt. Dies war der stärkste Rückgang seit dem Zweiten Weltkrieg. Im bisher besten Jahr im vereinten Deutschland war die Wirtschaft im Boomjahr 2006 um 3,4 Prozent gewachsen.
44532309;Hans;Tester;München;80897;Schleißheimer Str.;303;33002445;22.03.74;97;Die deutsche Wirtschaft ist im vergangenen Jahr um 3,6 Prozent gewachsen. Dies teilte das Statistische Bundesamt in Wiesbaden nach ersten Berechnungen mit. Das Wachstum war damit so groß wie noch nie seit der Wiedervereinigung Deutschlands. Im Krisenjahr 2009 war das Bruttoinlandsprodukt (BIP) um 4,7 Prozent abgestürzt. Dies war der stärkste Rückgang seit dem Zweiten Weltkrieg. Im bisher besten Jahr im vereinten Deutschland war die Wirtschaft im Boomjahr 2006 um 3,4 Prozent gewachsen.
44532310;Hans;Tester;München;80898;Schleißheimer Str.;304;33002446;23.03.74;520;Die deutsche Wirtschaft ist im vergangenen Jahr um 3,6 Prozent gewachsen. Dies teilte das Statistische Bundesamt in Wiesbaden nach ersten Berechnungen mit. Das Wachstum war damit so groß wie noch nie seit der Wiedervereinigung Deutschlands. Im Krisenjahr 2009 war das Bruttoinlandsprodukt (BIP) um 4,7 Prozent abgestürzt. Dies war der stärkste Rückgang seit dem Zweiten Weltkrieg. Im bisher besten Jahr im vereinten Deutschland war die Wirtschaft im Boomjahr 2006 um 3,4 Prozent gewachsen.
44532311;Hans;Tester;München;80899;Schleißheimer Str.;305;33002447;24.03.74;209;Die deutsche Wirtschaft ist im vergangenen Jahr um 3,6 Prozent gewachsen. Dies teilte das Statistische Bundesamt in Wiesbaden nach ersten Berechnungen mit. Das Wachstum war damit so groß wie noch nie seit der Wiedervereinigung Deutschlands. Im Krisenjahr 2009 war das Bruttoinlandsprodukt (BIP) um 4,7 Prozent abgestürzt. Dies war der stärkste Rückgang seit dem Zweiten Weltkrieg. Im bisher besten Jahr im vereinten Deutschland war die Wirtschaft im Boomjahr 2006 um 3,4 Prozent gewachsen.
44532312;Hans;Tester;München;80900;Schleißheimer Str.;306;33002448;25.03.74;914;Die deutsche Wirtschaft ist im vergangenen Jahr um 3,6 Prozent gewachsen. Dies teilte das Statistische Bundesamt in Wiesbaden nach ersten Berechnungen mit. Das Wachstum war damit so groß wie noch nie seit der Wiedervereinigung Deutschlands. Im Krisenjahr 2009 war das Bruttoinlandsprodukt (BIP) um 4,7 Prozent abgestürzt. Dies war der stärkste Rückgang seit dem Zweiten Weltkrieg. Im bisher besten Jahr im vereinten Deutschland war die Wirtschaft im Boomjahr 2006 um 3,4 Prozent gewachsen.
44532313;Hans;Tester;München;80901;Schleißheimer Str.;307;33002449;26.03.74;245;Die deutsche Wirtschaft ist im vergangenen Jahr um 3,6 Prozent gewachsen. Dies teilte das Statistische Bundesamt in Wiesbaden nach ersten Berechnungen mit. Das Wachstum war damit so groß wie noch nie seit der Wiedervereinigung Deutschlands. Im Krisenjahr 2009 war das Bruttoinlandsprodukt (BIP) um 4,7 Prozent abgestürzt. Dies war der stärkste Rückgang seit dem Zweiten Weltkrieg. Im bisher besten Jahr im vereinten Deutschland war die Wirtschaft im Boomjahr 2006 um 3,4 Prozent gewachsen.
44532314;Hans;Tester;München;80902;Schleißheimer Str.;308;33002450;27.03.74;803;Die deutsche Wirtschaft ist im vergangenen Jahr um 3,6 Prozent gewachsen. Dies teilte das Statistische Bundesamt in Wiesbaden nach ersten Berechnungen mit. Das Wachstum war damit so groß wie noch nie seit der Wiedervereinigung Deutschlands. Im Krisenjahr 2009 war das Bruttoinlandsprodukt (BIP) um 4,7 Prozent abgestürzt. Dies war der stärkste Rückgang seit dem Zweiten Weltkrieg. Im bisher besten Jahr im vereinten Deutschland war die Wirtschaft im Boomjahr 2006 um 3,4 Prozent gewachsen.
44532315;Hans;Tester;München;80903;Schleißheimer Str.;309;33002451;28.03.74;433;Die deutsche Wirtschaft ist im vergangenen Jahr um 3,6 Prozent gewachsen. Dies teilte das Statistische Bundesamt in Wiesbaden nach ersten Berechnungen mit. Das Wachstum war damit so groß wie noch nie seit der Wiedervereinigung Deutschlands. Im Krisenjahr 2009 war das Bruttoinlandsprodukt (BIP) um 4,7 Prozent abgestürzt. Dies war der stärkste Rückgang seit dem Zweiten Weltkrieg. Im bisher besten Jahr im vereinten Deutschland war die Wirtschaft im Boomjahr 2006 um 3,4 Prozent gewachsen.
44532316;Hans;Tester;München;80904;Schleißheimer Str.;310;33002452;29.03.74;668;Die deutsche Wirtschaft ist im vergangenen Jahr um 3,6 Prozent gewachsen. Dies teilte das Statistische Bundesamt in Wiesbaden nach ersten Berechnungen mit. Das Wachstum war damit so groß wie noch nie seit der Wiedervereinigung Deutschlands. Im Krisenjahr 2009 war das Bruttoinlandsprodukt (BIP) um 4,7 Prozent abgestürzt. Dies war der stärkste Rückgang seit dem Zweiten Weltkrieg. Im bisher besten Jahr im vereinten Deutschland war die Wirtschaft im Boomjahr 2006 um 3,4 Prozent gewachsen.
44532317;Hans;Tester;München;80905;Schleißheimer Str.;311;33002453;30.03.74;717;Die deutsche Wirtschaft ist im vergangenen Jahr um 3,6 Prozent gewachsen. Dies teilte das Statistische Bundesamt in Wiesbaden nach ersten Berechnungen mit. Das Wachstum war damit so groß wie noch nie seit der Wiedervereinigung Deutschlands. Im Krisenjahr 2009 war das Bruttoinlandsprodukt (BIP) um 4,7 Prozent abgestürzt. Dies war der stärkste Rückgang seit dem Zweiten Weltkrieg. Im bisher besten Jahr im vereinten Deutschland war die Wirtschaft im Boomjahr 2006 um 3,4 Prozent gewachsen.
44532318;Hans;Tester;München;80906;Schleißheimer Str.;312;33002454;31.03.74;135;Die deutsche Wirtschaft ist im vergangenen Jahr um 3,6 Prozent gewachsen. Dies teilte das Statistische Bundesamt in Wiesbaden nach ersten Berechnungen mit. Das Wachstum war damit so groß wie noch nie seit der Wiedervereinigung Deutschlands. Im Krisenjahr 2009 war das Bruttoinlandsprodukt (BIP) um 4,7 Prozent abgestürzt. Dies war der stärkste Rückgang seit dem Zweiten Weltkrieg. Im bisher besten Jahr im vereinten Deutschland war die Wirtschaft im Boomjahr 2006 um 3,4 Prozent gewachsen.
44532319;Hans;Tester;München;80907;Schleißheimer Str.;313;33002455;01.04.74;659;Die deutsche Wirtschaft ist im vergangenen Jahr um 3,6 Prozent gewachsen. Dies teilte das Statistische Bundesamt in Wiesbaden nach ersten Berechnungen mit. Das Wachstum war damit so groß wie noch nie seit der Wiedervereinigung Deutschlands. Im Krisenjahr 2009 war das Bruttoinlandsprodukt (BIP) um 4,7 Prozent abgestürzt. Dies war der stärkste Rückgang seit dem Zweiten Weltkrieg. Im bisher besten Jahr im vereinten Deutschland war die Wirtschaft im Boomjahr 2006 um 3,4 Prozent gewachsen.
44532320;Hans;Tester;München;80908;Schleißheimer Str.;314;33002456;02.04.74;335;Die deutsche Wirtschaft ist im vergangenen Jahr um 3,6 Prozent gewachsen. Dies teilte das Statistische Bundesamt in Wiesbaden nach ersten Berechnungen mit. Das Wachstum war damit so groß wie noch nie seit der Wiedervereinigung Deutschlands. Im Krisenjahr 2009 war das Bruttoinlandsprodukt (BIP) um 4,7 Prozent abgestürzt. Dies war der stärkste Rückgang seit dem Zweiten Weltkrieg. Im bisher besten Jahr im vereinten Deutschland war die Wirtschaft im Boomjahr 2006 um 3,4 Prozent gewachsen.
